
#1. 공연장

INSERT INTO theater (`theater`, `address`, `parking`, `seats`, `subway`) VALUES
('서울예술극장', '서울시 서초구', TRUE, 3000, '3호선'),
('블루스퀘어', '서울시 용산구', FALSE, 1200, '4호선'),
('LG아트센터', '서울시 강남구', TRUE, 1500, '2호선'),
('코엑스아르티움', '서울시 강남구', FALSE, 2000, '2호선'),
('대학로극장', '서울시 종로구', TRUE, 500, '4호선'),
('신한극장', '서울시 마포구', FALSE, 800, '6호선'),
('세종문화회관', '서울시 중구', TRUE, 2500, NULL),
('LG시그니처홀', '서울시 강남구', TRUE, 1800, '2호선'),
('충무아트홀', '서울시 중구', FALSE, 1200, '3호선'),
('예스24스테이지', '서울시 광진구', TRUE, 1000, '7호선');


# 2. 뮤지컬

INSERT INTO musical (`title`, `start_date`, `end_date`, `description`, `theater`) VALUES
('오페라의 유령', '2025-12-01', '2026-01-31', '신비로운 유령과 여주인공의 사랑 이야기', '서울예술극장'),
('레미제라블', '2025-11-20', '2026-02-28', '프랑스 혁명과 사랑의 드라마', '블루스퀘어'),
('캣츠', '2025-12-10', '2026-03-10', '춤추는 고양이들의 이야기', 'LG아트센터'),
('해밀턴', '2025-12-15', '2026-02-15', '알렉산더 해밀턴의 생애와 혁명 이야기', '코엑스아르티움'),
('위키드', '2025-12-05', '2026-01-20', '오즈의 마법사 속 마녀 이야기', '대학로극장'),
('라이온킹', '2025-11-25', '2026-02-10', '디즈니 라이온킹을 뮤지컬로', '신한극장'),
('맘마미아', '2025-12-01', '2026-01-31', 'ABBA 노래로 꾸며진 즐거운 이야기', '세종문화회관'),
('시카고', '2025-12-10', '2026-03-01', '재즈와 범죄가 어우러진 시카고 이야기', 'LG시그니처홀'),
('알라딘', '2025-12-20', '2026-03-10', '알라딘과 지니의 마법 이야기', '충무아트홀'),
('로미오와 줄리엣', '2025-11-30', '2026-02-28', '고전 비극 사랑 이야기', '예스24스테이지');


# 3. 해시태그
INSERT INTO hashtag (`tag`) VALUES
('로맨스'),
('드라마'),
('판타지'),
('가족'),
('클래식'),
('코미디'),
('뮤지컬'),
('액션'),
('사랑'),
('모험');

# 4. 태그 연결
INSERT INTO tag_connection (`musical_id`, `tag_id`) VALUES
(1, 1), (1, 5),
(2, 2), (2, 5),
(3, 3), (3, 7),
(4, 2), (4, 8),
(5, 3), (5, 6),
(6, 4), (6, 7),
(7, 6), (7, 1),
(8, 2), (8, 8),
(9, 3), (9, 4),
(10, 1), (10, 5);

# 5. 영상
INSERT INTO video (`musical_id`, `url`, `title`, `view_cnt`) VALUES
(1, 'https://youtu.be/phantom1', '오페라의 유령 예고편', 1000),
(2, 'https://youtu.be/lesmis1', '레미제라블 주요 장면', 800),
(3, 'https://youtu.be/cats1', '캣츠 댄스 영상', 1200),
(4, 'https://youtu.be/hamilton1', '해밀턴 하이라이트', 2000),
(5, 'https://youtu.be/wicked1', '위키드 소개 영상', 900),
(6, 'https://youtu.be/lionking1', '라이온킹 예고편', 1500),
(7, 'https://youtu.be/mammamia1', '맘마미아 공연 영상', 700),
(8, 'https://youtu.be/chicago1', '시카고 공연 장면', 850),
(9, 'https://youtu.be/aladdin1', '알라딘 공연 영상', 1300),
(10, 'https://youtu.be/romeo1', '로미오와 줄리엣 장면', 950);

# 6. 배우
INSERT INTO actor (`name`, `description`) VALUES
('홍길동', '다양한 뮤지컬 주연 경험'),
('김영희', '노래와 연기 모두 뛰어남'),
('이철수', '경력 많은 배우'),
('박하나', '수상 경력이 있는 배우'),
('최민준', '젊고 재능 있는 배우'),
('안소희', '드라마틱한 역할 전문'),
('강다현', '춤 뮤지컬에 경험 많음'),
('오세훈', '코미디 뮤지컬 전문 배우'),
('한예진', '소프라노, 가창력 뛰어남'),
('정우성', '뮤지컬 신인 스타');


# 7. 캐스팅
INSERT INTO cast (`musical_id`, `actor_id`, `role_name`) VALUES
(1, 1, '팬텀'),
(1, 2, '크리스틴'),
(2, 3, '장발장'),
(2, 4, '판틴'),
(3, 5, '럼텀터거'),
(3, 6, '그리자벨라'),
(4, 7, '알렉산더 해밀턴'),
(4, 8, '엘리자'),
(5, 9, '위키드 마녀'),
(5, 10, '글린다');

# 8. 유저
INSERT INTO users (`username`, `password`, `name`, `email`, `phone`, `nickname`) VALUES
('user1','pass1','차지윤','user1@email.com','010-1111-1111','지윤'),
('user2','pass2','이민호','user2@email.com','010-2222-2222','민호'),
('user3','pass3','박하늘','user3@email.com','010-3333-3333','하늘'),
('user4','pass4','최하나','user4@email.com','010-4444-4444','하나'),
('user5','pass5','정우','user5@email.com','010-5555-5555','우'),
('user6','pass6','윤서','user6@email.com','010-6666-6666','서'),
('user7','pass7','강준','user7@email.com','010-7777-7777','준'),
('user8','pass8','한솔','user8@email.com','010-8888-8888','솔'),
('user9','pass9','임나','user9@email.com','010-9999-9999','나'),
('user10','pass10','오리','user10@email.com','010-1010-1010','리');


# 9. 리뷰
INSERT INTO review (`musical_id`, `content`, `rate`, `user_id`) VALUES
(1, '정말 감동적인 공연이었어요!', 5, 1),
(2, '스토리가 너무 좋았어요.', 4, 2),
(3, '춤이 정말 멋졌습니다.', 5, 3),
(4, '음악이 인상적이었어요!', 5, 4),
(5, '연기가 훌륭했습니다.', 4, 5),
(6, '가족끼리 보기 좋아요.', 5, 6),
(7, 'ABBA 노래가 최고였어요.', 4, 7),
(8, '재즈 장면이 인상적입니다.', 5, 8),
(9, '마법같은 공연이었어요!', 5, 9),
(10, '클래식한 비극을 느낄 수 있었어요.', 4, 10);

# 10. 게시판
INSERT INTO board (`title`, `content`, `category`, `user_id`) VALUES
('환영합니다', '뮤지컬 커뮤니티에 오신 걸 환영합니다!', 'notice', 1),
('자유게시판', '자유롭게 이야기 나눠요.', 'free', 2),
('티켓 문의', '티켓 예매 방법 알려주세요.', 'qna', 3),
('오페라의 유령 후기', '팬텀 공연 후기입니다.', 'review', 4),
('티켓 판매', '여분 티켓 판매합니다.', 'deal', 5),
('다가오는 뮤지컬', '곧 시작하는 뮤지컬 리스트', 'notice', 6),
('좋아하는 배우', '좋아하는 배우 이야기 나눠요.', 'free', 7),
('티켓 가격', '티켓 가격에 대한 정보 공유', 'qna', 8),
('최고의 뮤지컬', '가장 인상 깊은 뮤지컬은?', 'review', 9),
('추천 뮤지컬', '추천할 만한 뮤지컬 알려주세요.', 'deal', 10);

# 11. 댓글
INSERT INTO reply (`content`, `board_id`, `user_id`) VALUES
('좋은 정보 감사합니다!', 1, 2),
('저도 환영합니다!', 1, 3),
('자유게시판 최고네요~', 2, 1),
('좋은 질문입니다.', 3, 4),
('티켓 구매 성공했어요!', 3, 5),
('오페라의 유령 정말 멋졌어요!', 4, 6),
('판매 정보 감사합니다.', 5, 7),
('참고할게요!', 6, 8),
('제 최애 뮤지컬은 라이온킹이에요.', 9, 9),
('추천 감사드려요!', 10, 10);

# 12. 좋아요(게시판)
INSERT INTO like_board (`user_id`, `board_id`) VALUES
(1, 2),
(2, 1),
(3, 2),
(4, 3),
(5, 4),
(6, 5),
(7, 6),
(8, 7),
(9, 8),
(10, 9);

# 13. 좋아요(리뷰)
INSERT INTO like_review (`user_id`, `review_id`) VALUES
(1, 2),
(2, 1),
(3, 3),
(4, 4),
(5, 5),
(6, 6),
(7, 7),
(8, 8),
(9, 9),
(10, 10);

# 14. 좋아요(뮤지컬)
INSERT INTO like_musical (`user_id`, `musical_id`) VALUES
(1, 1),
(2, 2),
(3, 3),
(4, 4),
(5, 5),
(6, 6),
(7, 7),
(8, 8),
(9, 9),
(10, 10);

# 15. 좋아요(배우)
INSERT INTO like_actor (`user_id`, `actor_id`) VALUES
(1, 1),
(2, 2),
(3, 3),
(4, 4),
(5, 5),
(6, 6),
(7, 7),
(8, 8),
(9, 9),
(10, 10);


