play_no,title,start_date,end_date,theater,actors
223304,공연의 모든 것 - 플레이DB,2025-12-02,2026-03-02,예술의전당 CJ 토월극장,"강혜인,김경수,김리현,김승용,김이후,김종구,김지욱,김지철,김태인,김히어라,문성일,박정표,소정화,손유동,에녹,원태민,윤소호,윤은채,이규형,이승현,이한밀,이형훈,장민수,정민"
215706,공연의 모든 것 - 플레이DB,2025-12-02,2026-03-02,잠실종합운동장 내 빅탑,윤은채
222249,공연의 모든 것 - 플레이DB,2025-12-02,2026-03-02,GS아트센터,"권상석,김지혜,김형준,박강현,박정민,박찬양,서현철,송인성,신진경,윤은채,이상아,이승헌,임민영,전걸,정호준,주아,진상현,한규정,황만익"
221943,공연의 모든 것 - 플레이DB,2025-12-02,2026-03-02,블루스퀘어 신한카드홀,"권오경,김단주,김송이,김지우,박민성,서만석,심건우,유승엽,윤은채,이상준,이석훈,이정열,이정하,이창용,전성혜,정선아,지현준,차윤해,최호중,하유진,홍광호"
218253,공연의 모든 것 - 플레이DB,2025-12-02,2026-03-02,매키탄 호텔 (The Mckithan Hotel),윤은채
221340,공연의 모든 것 - 플레이DB,2025-12-02,2026-03-02,디큐브 링크아트센터,"규현,김민석,김성규,김성철,산들,양승리,윤은채,이영미,임규형,임정모,장은아,조형균,최서연,케이,탕준상"
222401,공연의 모든 것 - 플레이DB,2025-12-02,2026-03-02,충무아트센터 대극장,"고은성,김대호,김연준,김주호,민영기,박은태,박형규,손의완,신성록,윤선용,윤은채,이규형,이지수,전동석,최민철,최지혜,카이"
222168,공연의 모든 것 - 플레이DB,2025-12-02,2026-03-02,광림아트센터 BBCH홀,"김민철,김바울,김성식,김소향,김소현,마이클 리,민우혁,백인태,손준호,유리아,윤은채,윤형렬,한지상"
221845,공연의 모든 것 - 플레이DB,2025-12-02,2026-03-02,,윤은채
223431,공연의 모든 것 - 플레이DB,2025-12-02,2026-03-02,한전아트센터,"김법래,김봉환,김형묵,남우현,솔라,송원근,양서윤,엄기준,유연정,윤은채,이홍기,정택운,조남희"
223647,공연의 모든 것 - 플레이DB,2025-12-02,2026-03-02,홍익대 대학로 아트센터 대극장,"권성찬,김찬호,배나라,배수정,옥주현,윤은채,윤지인,윤현민,이봄소리,이은호,이제우,조성윤,조형균,홍금비"
222417,공연의 모든 것 - 플레이DB,2025-12-02,2026-03-02,플러스씨어터,"기세중,김도하,김세진,남민우,류제윤,박새힘,박슬기,박시인,서동진,선한국,신주협,신창주,안상은,윤은채,이건희,이경욱,장민수,조풍래,최민우"
221657,공연의 모든 것 - 플레이DB,2025-12-02,2026-03-02,NOL 유니플렉스 2관,윤은채
224441,공연의 모든 것 - 플레이DB,2025-12-02,2026-03-02,Converse Stage Arena “여명”,윤은채
223248,공연의 모든 것 - 플레이DB,2025-12-02,2026-03-02,NOL 서경스퀘어 스콘 1관,"김기영,도해,원근영,윤은채,이재웅,이지우,이지혁,정동화,정우연,최수진,최연우,최호승,황민수"
221711,공연의 모든 것 - 플레이DB,,,,윤은채
222143,공연의 모든 것 - 플레이DB,4325-12-02,4326-03-02,,윤은채
223187,공연의 모든 것 - 플레이DB,2025-12-02,2026-03-02,대학로 자유극장,"김규리,김민강,김유진,김정은,박초록,송나영,송영미,신이나,윤은채,이예슬,이하린,임찬민,정단비,정문길,정세윤,정아인,조혜령,차준호,최태이,최현미,하미미"
223074,공연의 모든 것 - 플레이DB,2025-12-02,2026-03-02,대학로 TOM(티오엠) 1관,"김단이,김대종,김수호,김이진,김종구,박영수,연지현,윤은채,최재웅,한상훈"
222971,공연의 모든 것 - 플레이DB,,,,윤은채
215082,공연의 모든 것 - 플레이DB,2025-12-02,2026-03-02,스타스테이지,"강태우,김대현,김무호,김상엽,김영돈,박휘범,선인호,육현석,윤은채,이태현,임성목,장건우,정철호,최종관,한제우,한훈"
223023,공연의 모든 것 - 플레이DB,2025-12-02,2026-03-02,대학로 스타시티,"김도희,김록현,김찰리,리키,박시환,박태성,배윤,소연,오승희,윤은채,이든,이태이,이하연,태호"
224042,공연의 모든 것 - 플레이DB,2025-12-02,2026-03-02,링크아트센터 페이코홀,"곽민수,김도원,김하연,문혜원,박영빈,박정원,선유하,안유진,윤수아,윤은채,이석준,이소연,이진혁,이채연,전해주,조영화,조은성,주다온,최석진,홍기범,홍승안"
223149,공연의 모든 것 - 플레이DB,2025-12-02,2026-03-02,et theatre 1 (이티 씨어터 원),"박호산,유승현,윤석원,윤은채,정동화,하도권,홍성원"
197610,공연의 모든 것 - 플레이DB,2025-12-02,2026-03-02,브릭스씨어터,"강수지,구현우,김도현,김소정,김지욱,김진우,문준혁,박지연,서현석,양채현,윤은채,정현준,한창훈,황윤제"
215834,공연의 모든 것 - 플레이DB,,,,윤은채
221045,공연의 모든 것 - 플레이DB,2025-12-02,2026-03-02,강동아트센터 대극장 한강,윤은채
221910,공연의 모든 것 - 플레이DB,2025-12-02,2026-03-02,링크아트센터드림 드림1관,"김서환,박좌헌,심수호,유태율,윤은채,이진우,장두환,조훈,현석준,황민수"
203664,공연의 모든 것 - 플레이DB,2025-12-02,2026-03-02,무하아트센터,"강민석,구도경,김보근,박다영,박형석,서영,서우연,염승윤,윤다흰,윤슬,윤은채,이효주,임재혁,임창섭,전대현,정유정,조연진,최예윤,최예지,최현희,허윤,혁진"
220151,공연의 모든 것 - 플레이DB,2025-12-02,2026-03-02,올림픽공원 우리금융아트홀,"강희윤,구다영,김연서,김유상,김창완,도율희,류정훈,박가람,박정민,심다인,양창규,윤은채,이정민,장경원,장진아,최병수,최유민,함영석,황민"
221399,공연의 모든 것 - 플레이DB,2025-12-02,2026-03-02,극장 온,"김대웅,나재엽,류비,윤은채,윤지우,이선우,이은율,임강성,임태현,장보람,전흥선,조성태,최태이,황두현"
221495,공연의 모든 것 - 플레이DB,2025-12-02,2026-03-02,나루아트센터 대공연장,"강준영,권나예,권민수,권수현,김시연,김하엘,김호,박민혁,윤민석,윤은채,이서윤,이진시,정서우,정지우,최서희,추수지,홍예지,황희상"
213300,공연의 모든 것 - 플레이DB,2025-12-02,2026-03-02,서울숲 씨어터 2관,"김다솔,마동모,박나연,안가은,윤영홍,윤은채,이서은,이영현,이유빈,이희원,최성애,최유경,최혜인"
216921,공연의 모든 것 - 플레이DB,2025-12-02,2026-03-02,와일드 와일드 전용관 (명보아트홀),윤은채
222141,공연의 모든 것 - 플레이DB,2025-12-02,2026-03-02,링크아트센터드림 드림2관,"박영수,송유택,윤은채,이봉준,이한솔,조성윤,홍기범"
223461,공연의 모든 것 - 플레이DB,2025-12-02,2026-03-02,링크아트센터 벅스홀,"노윤,박규원,박준형,변희상,신은총,심수호,윤은채,이종석,정재환"
223317,공연의 모든 것 - 플레이DB,2025-12-02,2026-03-02,서울숲 씨어터 2관,"김경록,위예경,윤은채,윤현선,정이운,조성태,홍이솔,황건우"
212529,공연의 모든 것 - 플레이DB,2025-12-02,2026-03-02,국립중앙박물관 극장 용,윤은채
224290,공연의 모든 것 - 플레이DB,2025-12-02,2026-03-02,지구인아트홀,"김시준,김정우,김해내린,소현,유한솔,윤은채,이예지,이정원,정연,조영빈,조형렬,황세희"
214182,공연의 모든 것 - 플레이DB,2025-12-02,2026-03-02,서울숲씨어터 1관,"김나혁,김대운,문용현,안진영,윤은채,이지민,장인혜,최승환"
223099,공연의 모든 것 - 플레이DB,2025-12-02,2026-03-02,KBS 수원아트홀,윤은채
223166,공연의 모든 것 - 플레이DB,2025-12-02,2026-03-02,국립정동극장,윤은채
225213,공연의 모든 것 - 플레이DB,,,,윤은채
212740,공연의 모든 것 - 플레이DB,2025-12-02,2026-03-02,한국항공대학교 투데이아트홀,"김다인,김서아,서현,신우성,심진보,원덕현,윤은채,허지연"
217377,공연의 모든 것 - 플레이DB,2025-12-02,2026-03-02,더굿씨어터,"김다빈,김동근,김승현,박수은,박해수,오형규,유여빈,윤수아,윤은채,이혜연,임동휘,임초은,정주연,차민우,최솔,최하늘"
188624,공연의 모든 것 - 플레이DB,2023-08-12,2023-09-30,대학로 자유극장,"김소정,김솔,김안젤라,렉스,문준혁,박혜원,오태후,윤은채,이미경,임창민,정현준,천관우,한수민"
201787,공연의 모든 것 - 플레이DB,2025-12-02,2026-03-02,대학로 스타시티 7층 후암씨어터,"김남호,김늘메,김상원,김유림,김은솔,루이찬,서은교,서지우,서태이,석우성,윤은채,이예소,이채원,이한울,이효주,임재혁,장대성,정동근,조윤진,주호,최예윤"
222482,공연의 모든 것 - 플레이DB,2025-12-02,2026-03-02,서울숲씨어터 1관,윤은채
205713,공연의 모든 것 - 플레이DB,2025-12-02,2026-03-02,엠스테이지,"박주연,윤은채,홍규영"
199958,공연의 모든 것 - 플레이DB,2025-12-02,2026-03-02,JS 아트홀,"박이안,백찬혁,서지우,안지후,윤은채,이강오,이원호,이제성,전대현,정승환,정아연,최찬웅,홍성민"
209565,공연의 모든 것 - 플레이DB,2025-12-02,2026-03-02,명보아트홀 3층 점프전용극장,윤은채
221266,공연의 모든 것 - 플레이DB,2025-12-02,2026-03-02,런던스테이지,윤은채
221462,공연의 모든 것 - 플레이DB,2025-12-02,2026-03-02,오즈아트홀,윤은채
175240,공연의 모든 것 - 플레이DB,2021-12-02,2022-03-27,명동 난타 전용관,"강예슬,신가인,윤은채"
223208,공연의 모든 것 - 플레이DB,2025-12-02,2026-03-02,뮤지컬식당 스마일떡볶이,윤은채
219832,공연의 모든 것 - 플레이DB,2025-12-02,2026-03-02,브이씨어터,윤은채
220887,공연의 모든 것 - 플레이DB,2025-12-02,2026-03-02,가온아트홀 2관,"유아온,윤은채"
104328,공연의 모든 것 - 플레이DB,2009-10-10,2020-03-08,제주 난타,윤은채
215996,공연의 모든 것 - 플레이DB,2025-12-02,2026-03-02,올림픽공원 뮤즈라이브홀,"김유성,김채은,남예서,노연희,박수,박준원,신이수,육서현,윤은채,이승준,이예진,이지오,임원,장정현,전아현,정연우,최이안,최지아,한다원,한현진"
220909,공연의 모든 것 - 플레이DB,2025-12-02,2026-03-02,대전 상상아트홀,윤은채
224991,공연의 모든 것 - 플레이DB,2025-12-02,2026-03-02,명보아트홀 B1F 다온홀,윤은채
196009,공연의 모든 것 - 플레이DB,2025-12-02,2026-03-02,명륜아트홀,"강현빈,박민규,박상하,윤은채,이나영,인자혜,조선영,진승영,최서아,황경석"
222844,공연의 모든 것 - 플레이DB,2025-12-02,2026-03-02,구로예술나무씨어터,윤은채
197745,공연의 모든 것 - 플레이DB,2025-12-02,2026-03-02,북촌나래홀,"길하윤,김가슬,김태영,김호수,봉경복,서하임,윤은채,이경호,진승영"
208552,공연의 모든 것 - 플레이DB,2025-12-02,2026-03-02,소극장 쇠내골,"김명주,김지원,박선령,윤은채,조재문,허선우"
225385,공연의 모든 것 - 플레이DB,2025-12-02,2026-03-02,명보아트홀 B1F 다온홀,윤은채
218374,공연의 모든 것 - 플레이DB,2025-12-02,2026-03-02,오즈아트홀,윤은채
221330,공연의 모든 것 - 플레이DB,2025-12-02,2026-03-02,뮤지컬펍 스폿라이트,윤은채
223487,공연의 모든 것 - 플레이DB,,,한국 만화박물관 내 만화영화상영관,윤은채
223908,공연의 모든 것 - 플레이DB,2025-12-02,2026-03-02,국립정동극장,윤은채
214875,공연의 모든 것 - 플레이DB,,,클럽 크로마,윤은채
